clf,p1,p2
0.99502474,23.086058,30.366508
