clf,p1,p2
0.9780795,16.04733,22.294788
