clf,p1,p2
0.73732966,5.521113,10.721061
