clf,p1,p2
0.9867766,8.29373,11.701092
